iduser;cn0;cn1;cn2;cn3;cn4;cnsan0;cnsan1;cnsan2;cnsan3;cnsan4;aa0;aa1;aa2;aa3;aa4;topid0;topid1;topid2;topid3;topid4;topatt0;topatt1
20;0.00;0.91-1.00;0.00;0.00;0.00;0.00;0.91-1.00;0.00;0.00;0.00;0.00;0.91-1.00;0.00;0.00;0.00;NO;YES;NO;NO;NO;NO;NO
110;0.00;0.00;0.00;0.00;0.00;0.00;0.91-1.00;0.00;0.00;0.00;0.00;0.00;0.00;0.00;0.00;NO;YES;NO;NO;NO;NO;NO
202;0.00;0.00;0.00;0.00;0.00;0.00;0.00;0.00;0.00;0.00;0.00;0.00;0.00;0.00;0.00;NO;YES;NO;NO;NO;NO;NO
244;0.00;0.91-1.00;0.00;0.00;0.00;0.00;0.91-1.00;0.00;0.00;0.00;0.00;0.91-1.00;0.00;0.00;0.00;NO;YES;NO;NO;NO;NO;NO
294;0.00;0.00;0.00;0.00;0.00;0.00;0.91-1.00;0.00;0.00;0.00;0.00;0.00;0.00;0.00;0.00;NO;YES;NO;NO;NO;NO;NO
306;0.00;0.00;0.00;0.00;0.00;0.00;0.00;0.00;0.00;0.00;0.00;0.00;0.00;0.00;0.00;NO;YES;NO;NO;NO;NO;NO
332;0.00;0.00;0.00;0.91-1.00;0.00;0.00;0.00;0.00;0.91-1.00;0.00;0.00;0.00;0.00;0.51-0.60;0.00;NO;YES;NO;NO;NO;NO;NO
350;0.00;0.00;0.00;0.00;0.00;0.00;0.00;0.00;0.00;0.00;0.00;0.00;0.00;0.00;0.00;NO;YES;NO;NO;NO;NO;NO
554;0.00;0.91-1.00;0.00;0.00;0.00;0.00;0.91-1.00;0.00;0.00;0.00;0.00;0.41-0.50;0.00;0.00;0.00;NO;YES;NO;NO;NO;NO;NO
666;0.00;0.91-1.00;0.00;0.00;0.00;0.00;0.91-1.00;0.00;0.00;0.00;0.00;0.91-1.00;0.00;0.00;0.00;NO;YES;NO;NO;NO;NO;NO
726;0.91-1.00;0.00;0.91-1.00;0.00;0.00;0.91-1.00;0.00;0.91-1.00;0.00;0.00;0.91-1.00;0.00;0.31-0.40;0.00;0.00;YES;NO;YES;NO;NO;NO;NO
835;0.91-1.00;0.91-1.00;0.00;0.91-1.00;0.00;0.91-1.00;0.91-1.00;0.00;0.91-1.00;0.00;0.51-0.60;0.51-0.60;0.00;0.21-0.30;0.00;NO;YES;NO;NO;NO;NO;NO
840;0.91-1.00;0.91-1.00;0.00;0.91-1.00;0.00;0.91-1.00;0.91-1.00;0.00;0.91-1.00;0.00;0.91-1.00;0.71-0.80;0.00;0.71-0.80;0.00;YES;NO;YES;NO;NO;NO;NO
914;0.00;0.00;0.91-1.00;0.91-1.00;0.91-1.00;0.00;0.00;0.91-1.00;0.91-1.00;0.91-1.00;0.00;0.00;0.91-1.00;0.91-1.00;0.71-0.80;NO;NO;NO;YES;NO;NO;NO
919;0.00;0.91-1.00;0.00;0.00;0.00;0.00;0.91-1.00;0.00;0.00;0.00;0.00;0.41-0.50;0.00;0.00;0.00;NO;YES;NO;NO;NO;NO;NO
970;0.00;0.00;0.00;0.00;0.00;0.00;0.00;0.00;0.00;0.00;0.00;0.00;0.00;0.00;0.00;NO;YES;NO;NO;NO;NO;NO
971;0.91-1.00;0.00;0.91-1.00;0.91-1.00;0.91-1.00;0.91-1.00;0.00;0.91-1.00;0.91-1.00;0.91-1.00;0.51-0.60;0.00;0.91-1.00;0.21-0.30;0.91-1.00;NO;NO;YES;NO;NO;YES;YES
995;0.00;0.00;0.00;0.00;0.91-1.00;0.00;0.00;0.00;0.00;0.91-1.00;0.00;0.00;0.00;0.00;0.91-1.00;NO;NO;NO;NO;YES;NO;NO
1023;0.91-1.00;0.00;0.00;0.00;0.00;0.91-1.00;0.00;0.00;0.00;0.00;0.91-1.00;0.00;0.00;0.00;0.00;YES;NO;NO;NO;NO;NO;NO
1043;0.00;0.00;0.91-1.00;0.91-1.00;0.00;0.00;0.00;0.91-1.00;0.91-1.00;0.00;0.00;0.00;0.61-0.70;0.91-1.00;0.00;NO;NO;NO;YES;YES;YES;NO
1176;0.00;0.00;0.91-1.00;0.00;0.00;0.00;0.00;0.91-1.00;0.00;0.00;0.00;0.00;0.91-1.00;0.00;0.00;NO;NO;NO;YES;NO;NO;NO
1178;0.00;0.00;0.00;0.00;0.00;0.00;0.91-1.00;0.00;0.00;0.00;0.00;0.00;0.00;0.00;0.00;NO;YES;NO;NO;NO;NO;NO
1183;0.91-1.00;0.91-1.00;0.91-1.00;0.91-1.00;0.00;0.91-1.00;0.91-1.00;0.91-1.00;0.91-1.00;0.00;0.31-0.40;0.31-0.40;0.71-0.80;0.31-0.40;0.00;NO;YES;NO;NO;NO;NO;NO
1207;0.91-1.00;0.00;0.00;0.00;0.00;0.91-1.00;0.00;0.00;0.00;0.00;0.31-0.40;0.00;0.00;0.00;0.00;NO;YES;NO;NO;NO;NO;YES
1208;0.00;0.00;0.00;0.91-1.00;0.00;0.00;0.00;0.00;0.91-1.00;0.00;0.00;0.00;0.00;0.41-0.50;0.00;NO;NO;NO;YES;NO;YES;NO
1218;0.91-1.00;0.00;0.00;0.00;0.00;0.91-1.00;0.00;0.91-1.00;0.00;0.00;0.51-0.60;0.00;0.00;0.00;0.00;NO;NO;NO;YES;NO;YES;NO
1296;0.00;0.00;0.00;0.00;0.91-1.00;0.00;0.00;0.00;0.00;0.91-1.00;0.00;0.00;0.00;0.00;0.91-1.00;NO;NO;NO;NO;YES;YES;YES
1400;0.91-1.00;0.00;0.91-1.00;0.91-1.00;0.00;0.91-1.00;0.00;0.91-1.00;0.91-1.00;0.00;0.91-1.00;0.00;0.91-1.00;0.91-1.00;0.00;NO;NO;NO;YES;NO;NO;NO
1417;0.91-1.00;0.00;0.00;0.00;0.00;0.91-1.00;0.00;0.00;0.00;0.00;0.91-1.00;0.00;0.00;0.00;0.00;YES;NO;NO;NO;NO;NO;NO
1525;0.00;0.91-1.00;0.00;0.00;0.00;0.00;0.91-1.00;0.00;0.00;0.00;0.00;0.31-0.40;0.00;0.00;0.00;NO;YES;NO;YES;NO;NO;NO
1538;0.91-1.00;0.91-1.00;0.91-1.00;0.00;0.00;0.91-1.00;0.91-1.00;0.91-1.00;0.00;0.00;0.91-1.00;0.61-0.70;0.91-1.00;0.00;0.00;YES;NO;NO;NO;NO;NO;NO
1554;0.00;0.00;0.00;0.00;0.00;0.00;0.00;0.00;0.00;0.00;0.00;0.00;0.00;0.00;0.00;NO;YES;NO;NO;NO;NO;NO
1614;0.00;0.00;0.00;0.91-1.00;0.00;0.00;0.00;0.00;0.91-1.00;0.00;0.00;0.00;0.00;0.51-0.60;0.00;NO;NO;NO;YES;NO;YES;NO
1623;0.00;0.91-1.00;0.00;0.00;0.00;0.00;0.91-1.00;0.00;0.00;0.00;0.00;0.41-0.50;0.00;0.00;0.00;YES;NO;NO;NO;NO;NO;NO
1657;0.91-1.00;0.00;0.00;0.91-1.00;0.91-1.00;0.91-1.00;0.00;0.00;0.91-1.00;0.91-1.00;0.51-0.60;0.00;0.00;0.51-0.60;0.51-0.60;NO;YES;YES;NO;NO;YES;NO
1681;0.00;0.00;0.00;0.00;0.91-1.00;0.00;0.00;0.00;0.00;0.91-1.00;0.00;0.00;0.00;0.00;0.91-1.00;NO;NO;NO;NO;YES;NO;NO
1702;0.91-1.00;0.00;0.00;0.00;0.00;0.91-1.00;0.00;0.00;0.00;0.00;0.91-1.00;0.00;0.00;0.00;0.00;YES;NO;NO;NO;NO;NO;NO
1703;0.91-1.00;0.00;0.91-1.00;0.00;0.00;0.91-1.00;0.00;0.91-1.00;0.00;0.00;0.31-0.40;0.00;0.91-1.00;0.00;0.00;YES;NO;YES;NO;NO;YES;YES
1717;0.00;0.00;0.00;0.00;0.00;0.00;0.00;0.00;0.00;0.00;0.00;0.00;0.00;0.00;0.00;NO;YES;NO;NO;NO;NO;NO
1833;0.00;0.00;0.91-1.00;0.91-1.00;0.91-1.00;0.00;0.00;0.91-1.00;0.91-1.00;0.91-1.00;0.00;0.00;0.41-0.50;0.91-1.00;0.41-0.50;NO;YES;YES;NO;NO;YES;NO
1865;0.91-1.00;0.91-1.00;0.91-1.00;0.00;0.00;0.91-1.00;0.91-1.00;0.91-1.00;0.00;0.00;0.31-0.40;0.31-0.40;0.61-0.70;0.00;0.00;YES;NO;NO;NO;NO;NO;NO
1879;0.91-1.00;0.00;0.00;0.00;0.00;0.91-1.00;0.00;0.00;0.00;0.00;0.91-1.00;0.00;0.00;0.00;0.00;YES;NO;NO;NO;NO;NO;YES
1927;0.91-1.00;0.00;0.91-1.00;0.00;0.00;0.91-1.00;0.00;0.91-1.00;0.00;0.00;0.71-0.80;0.00;0.31-0.40;0.00;0.00;YES;NO;NO;NO;NO;NO;YES
2026;0.00;0.00;0.00;0.91-1.00;0.00;0.00;0.00;0.00;0.91-1.00;0.00;0.00;0.00;0.00;0.91-1.00;0.00;NO;NO;NO;YES;NO;YES;NO
2032;0.00;0.00;0.00;0.00;0.91-1.00;0.00;0.00;0.00;0.00;0.91-1.00;0.00;0.00;0.00;0.00;0.91-1.00;NO;NO;NO;NO;YES;YES;NO
2038;0.91-1.00;0.91-1.00;0.91-1.00;0.91-1.00;0.91-1.00;0.91-1.00;0.91-1.00;0.91-1.00;0.91-1.00;0.91-1.00;0.91-1.00;0.41-0.50;0.91-1.00;0.71-0.80;0.91-1.00;YES;NO;NO;NO;YES;YES;NO
2043;0.00;0.00;0.00;0.00;0.00;0.00;0.00;0.91-1.00;0.00;0.00;0.00;0.00;0.00;0.00;0.00;NO;YES;NO;NO;NO;NO;NO
2074;0.91-1.00;0.00;0.91-1.00;0.00;0.00;0.91-1.00;0.00;0.91-1.00;0.00;0.00;0.91-1.00;0.00;0.41-0.50;0.00;0.00;YES;NO;NO;NO;NO;NO;YES
2445;0.00;0.00;0.00;0.00;0.00;0.00;0.00;0.00;0.00;0.00;0.00;0.00;0.00;0.00;0.00;NO;YES;NO;NO;NO;YES;NO
2538;0.00;0.00;0.00;0.91-1.00;0.00;0.00;0.00;0.00;0.91-1.00;0.00;0.00;0.00;0.00;0.71-0.80;0.00;NO;NO;NO;YES;NO;YES;YES
2543;0.00;0.00;0.00;0.00;0.91-1.00;0.00;0.00;0.00;0.00;0.91-1.00;0.00;0.00;0.00;0.00;0.91-1.00;NO;NO;NO;NO;YES;YES;NO
2549;0.00;0.00;0.00;0.00;0.91-1.00;0.00;0.00;0.00;0.00;0.91-1.00;0.00;0.00;0.00;0.00;0.91-1.00;NO;NO;NO;NO;YES;YES;NO
2558;0.00;0.00;0.91-1.00;0.00;0.00;0.00;0.00;0.91-1.00;0.00;0.00;0.00;0.00;0.91-1.00;0.00;0.00;YES;NO;YES;NO;NO;NO;NO
2589;0.00;0.00;0.00;0.00;0.00;0.91-1.00;0.00;0.00;0.00;0.00;0.00;0.00;0.00;0.00;0.00;NO;YES;NO;NO;NO;NO;NO
2598;0.00;0.00;0.00;0.00;0.00;0.00;0.00;0.00;0.00;0.00;0.00;0.00;0.00;0.00;0.00;YES;NO;NO;NO;NO;NO;NO
2635;0.00;0.00;0.00;0.91-1.00;0.00;0.00;0.00;0.00;0.91-1.00;0.00;0.00;0.00;0.00;0.31-0.40;0.00;NO;YES;NO;NO;NO;NO;NO
2666;0.91-1.00;0.00;0.91-1.00;0.91-1.00;0.91-1.00;0.91-1.00;0.00;0.91-1.00;0.91-1.00;0.91-1.00;0.91-1.00;0.00;0.91-1.00;0.21-0.30;0.81-0.90;YES;NO;NO;NO;NO;YES;NO
2709;0.91-1.00;0.00;0.00;0.00;0.00;0.91-1.00;0.00;0.00;0.00;0.00;0.91-1.00;0.00;0.00;0.00;0.00;YES;NO;NO;NO;NO;NO;NO
2717;0.91-1.00;0.00;0.91-1.00;0.00;0.00;0.91-1.00;0.00;0.91-1.00;0.00;0.00;0.61-0.70;0.00;0.61-0.70;0.00;0.00;NO;NO;NO;YES;NO;YES;NO
2727;0.91-1.00;0.00;0.91-1.00;0.00;0.91-1.00;0.91-1.00;0.00;0.91-1.00;0.00;0.91-1.00;0.91-1.00;0.00;0.91-1.00;0.00;0.51-0.60;NO;NO;YES;NO;NO;NO;NO
2742;0.00;0.00;0.00;0.00;0.00;0.00;0.00;0.00;0.00;0.00;0.00;0.00;0.00;0.00;0.00;YES;NO;NO;NO;NO;NO;NO
2771;0.91-1.00;0.00;0.91-1.00;0.00;0.91-1.00;0.91-1.00;0.00;0.91-1.00;0.00;0.91-1.00;0.31-0.40;0.00;0.91-1.00;0.00;0.91-1.00;NO;NO;NO;NO;YES;YES;YES
2778;0.00;0.00;0.00;0.00;0.00;0.00;0.00;0.00;0.00;0.00;0.00;0.00;0.00;0.00;0.00;YES;NO;NO;NO;NO;NO;NO
2801;0.00;0.00;0.00;0.91-1.00;0.00;0.00;0.00;0.00;0.91-1.00;0.00;0.00;0.00;0.00;0.71-0.80;0.00;NO;NO;NO;YES;NO;YES;NO
2808;0.00;0.00;0.00;0.91-1.00;0.91-1.00;0.00;0.00;0.00;0.91-1.00;0.91-1.00;0.00;0.00;0.00;0.41-0.50;0.91-1.00;NO;NO;NO;NO;YES;YES;NO
2828;0.00;0.91-1.00;0.00;0.00;0.00;0.00;0.91-1.00;0.00;0.00;0.00;0.00;0.81-0.90;0.00;0.00;0.00;NO;YES;NO;NO;NO;NO;NO
2861;0.00;0.00;0.91-1.00;0.91-1.00;0.91-1.00;0.00;0.00;0.91-1.00;0.91-1.00;0.91-1.00;0.00;0.00;0.31-0.40;0.91-1.00;0.61-0.70;NO;NO;YES;YES;NO;YES;NO
2875;0.91-1.00;0.00;0.00;0.00;0.91-1.00;0.91-1.00;0.00;0.00;0.00;0.91-1.00;0.91-1.00;0.00;0.00;0.00;0.31-0.40;YES;NO;NO;NO;NO;NO;NO
2929;0.00;0.00;0.00;0.00;0.91-1.00;0.00;0.00;0.00;0.00;0.91-1.00;0.00;0.00;0.00;0.00;0.91-1.00;NO;NO;NO;NO;YES;YES;NO
3047;0.00;0.00;0.91-1.00;0.91-1.00;0.00;0.00;0.00;0.91-1.00;0.91-1.00;0.00;0.00;0.00;0.51-0.60;0.51-0.60;0.00;NO;NO;NO;YES;NO;YES;NO
3050;0.00;0.00;0.00;0.00;0.00;0.00;0.00;0.00;0.00;0.00;0.00;0.00;0.00;0.00;0.00;NO;NO;NO;YES;NO;NO;NO
3103;0.91-1.00;0.00;0.00;0.00;0.00;0.91-1.00;0.00;0.00;0.00;0.00;0.91-1.00;0.00;0.00;0.00;0.00;YES;NO;NO;NO;NO;NO;NO
3117;0.91-1.00;0.00;0.00;0.00;0.00;0.91-1.00;0.00;0.00;0.00;0.00;0.51-0.60;0.00;0.00;0.00;0.00;YES;NO;NO;NO;NO;NO;NO
3125;0.00;0.00;0.00;0.00;0.00;0.00;0.00;0.00;0.00;0.00;0.00;0.00;0.00;0.00;0.00;NO;NO;NO;YES;NO;NO;NO
3160;0.00;0.00;0.00;0.00;0.00;0.00;0.00;0.00;0.00;0.00;0.00;0.00;0.00;0.00;0.00;NO;YES;NO;NO;NO;NO;NO
3183;0.00;0.00;0.00;0.00;0.00;0.00;0.00;0.00;0.00;0.00;0.00;0.00;0.00;0.00;0.00;NO;NO;NO;NO;YES;YES;YES
3258;0.91-1.00;0.00;0.91-1.00;0.91-1.00;0.91-1.00;0.91-1.00;0.00;0.91-1.00;0.91-1.00;0.91-1.00;0.61-0.70;0.00;0.91-1.00;0.31-0.40;0.91-1.00;NO;NO;YES;NO;YES;YES;NO
3276;0.91-1.00;0.91-1.00;0.91-1.00;0.00;0.91-1.00;0.91-1.00;0.91-1.00;0.91-1.00;0.00;0.91-1.00;0.71-0.80;0.31-0.40;0.91-1.00;0.00;0.91-1.00;NO;NO;NO;YES;NO;YES;NO
3377;0.00;0.00;0.00;0.00;0.00;0.00;0.00;0.00;0.00;0.00;0.00;0.00;0.00;0.00;0.00;NO;YES;NO;NO;NO;NO;NO
3441;0.00;0.00;0.00;0.00;0.91-1.00;0.00;0.00;0.00;0.00;0.91-1.00;0.00;0.00;0.00;0.00;0.91-1.00;NO;NO;NO;NO;YES;NO;NO
3455;0.00;0.00;0.00;0.00;0.00;0.00;0.00;0.00;0.00;0.00;0.00;0.00;0.00;0.00;0.00;NO;YES;NO;NO;NO;NO;NO
3538;0.00;0.00;0.91-1.00;0.91-1.00;0.91-1.00;0.00;0.00;0.91-1.00;0.91-1.00;0.91-1.00;0.00;0.00;0.81-0.90;0.91-1.00;0.41-0.50;NO;NO;NO;YES;NO;YES;NO
3670;0.00;0.00;0.00;0.91-1.00;0.00;0.00;0.00;0.00;0.91-1.00;0.00;0.00;0.00;0.00;0.91-1.00;0.00;NO;NO;NO;YES;NO;NO;NO
3680;0.91-1.00;0.00;0.00;0.00;0.00;0.91-1.00;0.00;0.00;0.00;0.00;0.91-1.00;0.00;0.00;0.00;0.00;YES;NO;NO;NO;NO;NO;NO
3833;0.91-1.00;0.00;0.00;0.00;0.91-1.00;0.91-1.00;0.00;0.00;0.00;0.91-1.00;0.91-1.00;0.00;0.00;0.00;0.31-0.40;YES;NO;NO;NO;NO;NO;NO
3834;0.91-1.00;0.00;0.00;0.00;0.91-1.00;0.91-1.00;0.00;0.00;0.00;0.91-1.00;0.91-1.00;0.00;0.00;0.00;0.31-0.40;YES;NO;NO;NO;NO;NO;NO
3878;0.00;0.00;0.00;0.00;0.91-1.00;0.00;0.00;0.00;0.00;0.91-1.00;0.00;0.00;0.00;0.00;0.91-1.00;NO;NO;NO;NO;YES;NO;NO
3914;0.00;0.00;0.00;0.00;0.91-1.00;0.00;0.00;0.00;0.00;0.91-1.00;0.00;0.00;0.00;0.00;0.91-1.00;NO;NO;NO;NO;YES;NO;NO
3923;0.00;0.00;0.00;0.00;0.00;0.00;0.00;0.00;0.00;0.00;0.00;0.00;0.00;0.00;0.00;NO;YES;NO;NO;NO;NO;NO
3936;0.00;0.00;0.00;0.00;0.91-1.00;0.00;0.00;0.00;0.00;0.91-1.00;0.00;0.00;0.00;0.00;0.91-1.00;NO;NO;NO;NO;YES;NO;NO
3939;0.91-1.00;0.00;0.00;0.00;0.91-1.00;0.91-1.00;0.00;0.00;0.00;0.91-1.00;0.91-1.00;0.00;0.00;0.00;0.41-0.50;YES;NO;NO;NO;YES;NO;NO
3988;0.00;0.00;0.00;0.00;0.00;0.00;0.91-1.00;0.00;0.00;0.00;0.00;0.00;0.00;0.00;0.00;NO;YES;NO;NO;NO;NO;NO
4020;0.00;0.00;0.00;0.00;0.91-1.00;0.00;0.00;0.00;0.00;0.91-1.00;0.00;0.00;0.00;0.00;0.91-1.00;NO;NO;NO;NO;YES;NO;NO
4085;0.00;0.00;0.00;0.00;0.91-1.00;0.00;0.00;0.00;0.00;0.91-1.00;0.00;0.00;0.00;0.00;0.91-1.00;NO;NO;NO;NO;YES;NO;NO
4092;0.91-1.00;0.00;0.91-1.00;0.91-1.00;0.00;0.91-1.00;0.00;0.91-1.00;0.91-1.00;0.00;0.51-0.60;0.00;0.91-1.00;0.51-0.60;0.00;YES;NO;NO;NO;NO;NO;NO
4130;0.00;0.00;0.00;0.00;0.00;0.00;0.00;0.00;0.00;0.00;0.00;0.00;0.00;0.00;0.00;YES;NO;NO;NO;NO;NO;NO
4151;0.00;0.91-1.00;0.91-1.00;0.00;0.91-1.00;0.00;0.91-1.00;0.91-1.00;0.00;0.91-1.00;0.00;0.41-0.50;0.81-0.90;0.00;0.41-0.50;NO;NO;NO;NO;YES;NO;NO
4158;0.91-1.00;0.00;0.91-1.00;0.91-1.00;0.91-1.00;0.91-1.00;0.00;0.91-1.00;0.91-1.00;0.91-1.00;0.71-0.80;0.00;0.91-1.00;0.31-0.40;0.91-1.00;NO;NO;YES;NO;YES;YES;NO
4161;0.00;0.00;0.00;0.00;0.00;0.00;0.00;0.00;0.00;0.00;0.00;0.00;0.00;0.00;0.00;YES;NO;NO;NO;NO;NO;NO
4254;0.91-1.00;0.00;0.91-1.00;0.91-1.00;0.91-1.00;0.91-1.00;0.00;0.91-1.00;0.91-1.00;0.91-1.00;0.81-0.90;0.00;0.91-1.00;0.81-0.90;0.91-1.00;NO;NO;NO;NO;YES;YES;NO
4286;0.00;0.00;0.00;0.00;0.91-1.00;0.00;0.00;0.00;0.00;0.91-1.00;0.00;0.00;0.00;0.00;0.91-1.00;NO;NO;NO;NO;YES;NO;NO
4292;0.00;0.91-1.00;0.91-1.00;0.91-1.00;0.00;0.00;0.91-1.00;0.91-1.00;0.91-1.00;0.00;0.00;0.91-1.00;0.51-0.60;0.21-0.30;0.00;NO;NO;NO;NO;NO;NO;NO
4320;0.91-1.00;0.00;0.91-1.00;0.00;0.00;0.91-1.00;0.00;0.91-1.00;0.00;0.00;0.91-1.00;0.00;0.71-0.80;0.00;0.00;YES;NO;NO;NO;NO;NO;NO
4339;0.91-1.00;0.91-1.00;0.91-1.00;0.91-1.00;0.91-1.00;0.91-1.00;0.91-1.00;0.91-1.00;0.91-1.00;0.91-1.00;0.21-0.30;0.91-1.00;0.21-0.30;0.21-0.30;0.21-0.30;NO;NO;NO;YES;NO;NO;NO
4376;0.91-1.00;0.00;0.91-1.00;0.00;0.91-1.00;0.91-1.00;0.00;0.91-1.00;0.00;0.91-1.00;0.91-1.00;0.00;0.91-1.00;0.00;0.51-0.60;YES;NO;NO;NO;NO;NO;NO
4387;0.00;0.91-1.00;0.91-1.00;0.91-1.00;0.00;0.00;0.91-1.00;0.91-1.00;0.91-1.00;0.00;0.00;0.41-0.50;0.41-0.50;0.91-1.00;0.00;NO;NO;YES;YES;NO;NO;NO
4429;0.00;0.00;0.00;0.00;0.00;0.00;0.00;0.00;0.00;0.00;0.00;0.00;0.00;0.00;0.00;NO;YES;NO;NO;NO;NO;NO
4456;0.00;0.91-1.00;0.91-1.00;0.91-1.00;0.91-1.00;0.00;0.91-1.00;0.91-1.00;0.91-1.00;0.91-1.00;0.00;0.31-0.40;0.91-1.00;0.91-1.00;0.71-0.80;NO;NO;NO;YES;NO;YES;NO
4458;0.00;0.00;0.00;0.00;0.00;0.00;0.00;0.00;0.00;0.00;0.00;0.00;0.00;0.00;0.00;NO;NO;NO;YES;NO;NO;NO
4610;0.00;0.00;0.00;0.00;0.00;0.00;0.00;0.00;0.00;0.00;0.00;0.00;0.00;0.00;0.00;YES;NO;NO;NO;NO;NO;NO
4646;0.00;0.91-1.00;0.91-1.00;0.91-1.00;0.00;0.00;0.91-1.00;0.91-1.00;0.91-1.00;0.00;0.00;0.51-0.60;0.91-1.00;0.91-1.00;0.00;NO;NO;NO;YES;NO;YES;NO
4681;0.00;0.00;0.00;0.00;0.00;0.00;0.00;0.00;0.00;0.00;0.00;0.00;0.00;0.00;0.00;NO;NO;NO;YES;NO;YES;NO
4693;0.91-1.00;0.00;0.00;0.91-1.00;0.91-1.00;0.91-1.00;0.00;0.00;0.91-1.00;0.91-1.00;0.91-1.00;0.00;0.00;0.51-0.60;0.51-0.60;YES;NO;NO;NO;NO;YES;NO
4705;0.91-1.00;0.00;0.00;0.00;0.91-1.00;0.91-1.00;0.00;0.91-1.00;0.00;0.91-1.00;0.91-1.00;0.00;0.00;0.00;0.31-0.40;YES;NO;NO;NO;NO;NO;NO
4710;0.00;0.91-1.00;0.00;0.91-1.00;0.00;0.00;0.91-1.00;0.00;0.91-1.00;0.00;0.00;0.41-0.50;0.00;0.41-0.50;0.00;NO;YES;NO;NO;NO;NO;NO
4863;0.91-1.00;0.91-1.00;0.91-1.00;0.91-1.00;0.91-1.00;0.91-1.00;0.91-1.00;0.91-1.00;0.91-1.00;0.91-1.00;0.61-0.70;0.31-0.40;0.91-1.00;0.31-0.40;0.91-1.00;YES;NO;NO;NO;YES;YES;NO
4872;0.00;0.00;0.00;0.00;0.00;0.00;0.00;0.00;0.00;0.00;0.00;0.00;0.00;0.00;0.00;NO;YES;NO;NO;NO;NO;NO
4889;0.91-1.00;0.00;0.00;0.00;0.00;0.91-1.00;0.00;0.00;0.00;0.00;0.91-1.00;0.00;0.00;0.00;0.00;YES;NO;NO;NO;NO;NO;NO
4934;0.00;0.00;0.00;0.00;0.91-1.00;0.91-1.00;0.00;0.00;0.00;0.91-1.00;0.00;0.00;0.00;0.00;0.91-1.00;NO;NO;NO;NO;YES;YES;YES
4936;0.00;0.00;0.00;0.91-1.00;0.00;0.00;0.00;0.00;0.91-1.00;0.00;0.00;0.00;0.00;0.91-1.00;0.00;NO;NO;NO;YES;NO;NO;NO
4955;0.00;0.00;0.00;0.00;0.00;0.00;0.91-1.00;0.00;0.00;0.00;0.00;0.00;0.00;0.00;0.00;NO;YES;NO;NO;NO;NO;NO
4989;0.00;0.00;0.00;0.00;0.00;0.00;0.00;0.00;0.00;0.00;0.00;0.00;0.00;0.00;0.00;NO;NO;NO;YES;NO;YES;NO
4995;0.91-1.00;0.00;0.91-1.00;0.00;0.00;0.91-1.00;0.91-1.00;0.91-1.00;0.00;0.00;0.91-1.00;0.00;0.91-1.00;0.00;0.00;NO;YES;NO;NO;NO;NO;NO
5018;0.91-1.00;0.00;0.91-1.00;0.00;0.91-1.00;0.91-1.00;0.00;0.91-1.00;0.00;0.91-1.00;0.91-1.00;0.00;0.91-1.00;0.00;0.91-1.00;YES;NO;YES;NO;NO;YES;NO
5040;0.91-1.00;0.91-1.00;0.91-1.00;0.00;0.00;0.91-1.00;0.91-1.00;0.91-1.00;0.00;0.00;0.91-1.00;0.91-1.00;0.91-1.00;0.00;0.00;NO;YES;NO;NO;NO;NO;NO
5044;0.00;0.00;0.91-1.00;0.91-1.00;0.00;0.00;0.00;0.91-1.00;0.91-1.00;0.00;0.00;0.00;0.91-1.00;0.51-0.60;0.00;NO;NO;YES;YES;NO;YES;NO
5110;0.00;0.00;0.00;0.00;0.00;0.00;0.00;0.00;0.00;0.00;0.00;0.00;0.00;0.00;0.00;NO;NO;NO;YES;NO;YES;NO
5138;0.91-1.00;0.00;0.91-1.00;0.91-1.00;0.91-1.00;0.91-1.00;0.00;0.91-1.00;0.91-1.00;0.91-1.00;0.61-0.70;0.00;0.91-1.00;0.61-0.70;0.91-1.00;NO;NO;NO;NO;YES;YES;NO
